Workbook

Sheet ADITHYA HRIDAYAM
B2: ADITHYA HRIDAYAM
B7: S.No. | C7: Status | D7: Date Completed | E7: Notes | F7: Video Link | G7: Duration | I7: Percentage | K7: Progress | L7: =IFERROR(__xludf.DUMMYFUNCTION("SPARKLINE(I8, {""charttype"",""bar"";""max"",1;""color1"",""#4CAF50""})"),"") | N7: Month_Date | O7: Videos Completed
B8: 1 | C8: Pending | F8: https://www.youtube.com/watch?v=r-NZGQ-TX3s | I8: =L8/$L$10 -> 0 | K8: Completed | L8: =COUNTIF(C8:C17, "Completed") -> 0 | N8: =DATE(2026, 7, 1) -> 46204 | O8: =COUNTIFS($D$8:$D$17, ">="&N8, $D$8:$D$17, "<="&EOMONTH(N8, 0), $C$8:$C$17, "Completed") -> 0
B9: 2 | C9: Pending | F9: https://www.youtube.com/watch?v=9zHG-rsfpog | I9: =L9/$L$10 -> 1 | K9: Pending | L9: =COUNTIF(C8:C17, "Pending") -> 9 | N9: =DATE(2026, 8, 1) -> 46235 | O9: =COUNTIFS($D$8:$D$17, ">="&N9, $D$8:$D$17, "<="&EOMONTH(N9, 0), $C$8:$C$17, "Completed") -> 0
B10: 3 | C10: Pending | F10: https://www.youtube.com/watch?v=hgkV5T51mlM | K10: Total Videos | L10: =COUNT(B8:B17) -> 9 | N10: =DATE(2026, 9, 1) -> 46266 | O10: =COUNTIFS($D$8:$D$17, ">="&N10, $D$8:$D$17, "<="&EOMONTH(N10, 0), $C$8:$C$17, "Completed") -> 0
B11: 4 | C11: Pending | F11: https://www.youtube.com/watch?v=mzJaVECyoSQ | K11: Total Hours | L11: =SUM(G8:G17) -> 0 | N11: =DATE(2026, 10, 1) -> 46296 | O11: =COUNTIFS($D$8:$D$17, ">="&N11, $D$8:$D$17, "<="&EOMONTH(N11, 0), $C$8:$C$17, "Completed") -> 0
B12: 5 | C12: Pending | F12: https://www.youtube.com/watch?v=BH9lpGIyJFQ | K12: Pending Hours | L12: =SUMIF(C8:C17, "Pending", G8:G17) -> 0 | N12: =DATE(2026, 11, 1) -> 46327 | O12: =COUNTIFS($D$8:$D$17, ">="&N12, $D$8:$D$17, "<="&EOMONTH(N12, 0), $C$8:$C$17, "Completed") -> 0
B13: 6 | C13: Pending | F13: https://www.youtube.com/watch?v=kN0jCCO7quU | K13: Start Date | N13: =DATE(2026, 12, 1) -> 46357 | O13: =COUNTIFS($D$8:$D$17, ">="&N13, $D$8:$D$17, "<="&EOMONTH(N13, 0), $C$8:$C$17, "Completed") -> 0
B14: 7 | C14: Pending | F14: https://www.youtube.com/watch?v=MsxvP-uPgMM | K14: Target Date
B15: 8 | C15: Pending | F15: https://www.youtube.com/watch?v=nBy9CjDwQPI
B16: 9 | C16: Pending | F16: https://www.youtube.com/watch?v=FLfVZWmv-w4 | K16: Metric | L16: Completed | M16: Pending
K17: Videos | L17: =L8 -> 0 | M17: =L9 -> 9

Sheet Bhagavadgita Tracker
B2: Bhagavadgita - Samavedham Shanmukha Sharma
B7: S.No. | C7: Status | D7: Date Completed | E7: Notes | F7: Video Link | G7: Duration | I7: Percentage | K7: Progress | L7: =IFERROR(__xludf.DUMMYFUNCTION("SPARKLINE(I8, {""charttype"",""bar"";""max"",1;""color1"",""#4CAF50""})"),"") | N7: Month_Date | O7: Videos Completed
B8: 1 | C8: Completed | D8: 46246 | F8: https://www.youtube.com/watch?v=Ia8nXPWaM2Q | I8: =L8/$L$10 -> 0.18604651 | K8: Completed | L8: =COUNTIF(C8:C50, "Completed") -> 8 | N8: =DATE(2026, 7, 1) -> 46204 | O8: =COUNTIFS($D$8:$D$33, ">="&N8, $D$8:$D$33, "<="&EOMONTH(N8, 0), $C$8:$C$33, "Completed") -> 0
B9: 2 | C9: Completed | D9: 46247 | F9: https://www.youtube.com/watch?v=-nZYq_q2EL8 | I9: =L9/$L$10 -> 0.81395349 | K9: Pending | L9: =COUNTIF(C8:C50, "Pending") -> 35 | N9: =DATE(2026, 8, 1) -> 46235 | O9: =COUNTIFS($D$8:$D$33, ">="&N9, $D$8:$D$33, "<="&EOMONTH(N9, 0), $C$8:$C$33, "Completed") -> 8
B10: 3 | C10: Completed | D10: 46248 | F10: https://www.youtube.com/watch?v=hvKwO67Kh_4 | K10: Total Videos | L10: =COUNT(B8:B50) -> 43 | N10: =DATE(2026, 9, 1) -> 46266 | O10: =COUNTIFS($D$8:$D$33, ">="&N10, $D$8:$D$33, "<="&EOMONTH(N10, 0), $C$8:$C$33, "Completed") -> 0
B11: 4 | C11: Completed | D11: 46249 | F11: https://www.youtube.com/watch?v=d5h9BujLOEk | K11: Total Hours | L11: =SUM(G8:G50) -> 0 | N11: =DATE(2026, 10, 1) -> 46296 | O11: =COUNTIFS($D$8:$D$33, ">="&N11, $D$8:$D$33, "<="&EOMONTH(N11, 0), $C$8:$C$33, "Completed") -> 0
B12: 5 | C12: Completed | D12: 46250 | F12: https://www.youtube.com/watch?v=34Pa1AGeAcE | K12: Pending Hours | L12: =SUMIF(C8:C50, "Pending", G8:G50) -> 0 | N12: =DATE(2026, 11, 1) -> 46327 | O12: =COUNTIFS($D$8:$D$33, ">="&N12, $D$8:$D$33, "<="&EOMONTH(N12, 0), $C$8:$C$33, "Completed") -> 0
B13: 6 | C13: Completed | D13: 46251 | F13: https://www.youtube.com/watch?v=s3UDNQmcAqQ | K13: Start Date | N13: =DATE(2026, 12, 1) -> 46357 | O13: =COUNTIFS($D$8:$D$33, ">="&N13, $D$8:$D$33, "<="&EOMONTH(N13, 0), $C$8:$C$33, "Completed") -> 0
B14: 7 | C14: Completed | D14: 46252 | F14: https://www.youtube.com/watch?v=91l_VaeNAAw | K14: Target Date
B15: 8 | C15: Completed | D15: 46253 | F15: https://www.youtube.com/watch?v=pwzdplv2UYY
B16: 9 | C16: Pending | F16: https://www.youtube.com/watch?v=fhMSLl1jbdQ | K16: Metric | L16: Completed | M16: Pending
B17: 10 | C17: Pending | F17: https://www.youtube.com/watch?v=TRYBTgAVHBc | K17: Videos | L17: =L8 -> 8 | M17: =L9 -> 35
B18: 11 | C18: Pending | F18: https://www.youtube.com/watch?v=i1WKGD5CPgs
B19: 12 | C19: Pending | F19: https://www.youtube.com/watch?v=XD8yEhkYfbA
B20: 13 | C20: Pending | F20: https://www.youtube.com/watch?v=N_BBIilQpa8
B21: 14 | C21: Pending | F21: https://www.youtube.com/watch?v=9hs0yYrq-oU
B22: 15 | C22: Pending | F22: https://www.youtube.com/watch?v=kGKimPqRNTE
B23: 16 | C23: Pending | F23: https://www.youtube.com/watch?v=7gZGsqWo8Cc
B24: 17 | C24: Pending | F24: https://www.youtube.com/watch?v=R-SgPDzt5xk
B25: 18 | C25: Pending | F25: https://www.youtube.com/watch?v=T6YfT00P4rY
B26: 19 | C26: Pending | F26: https://www.youtube.com/watch?v=bEl5Vf68Dl8
B27: 20 | C27: Pending | F27: https://www.youtube.com/watch?v=j77_Txrt6i8
B28: 21 | C28: Pending | F28: https://www.youtube.com/watch?v=nmK_PpDfheI
B29: 22 | C29: Pending | F29: https://www.youtube.com/watch?v=1YsIljCyExw
... B50: 43 | C50: Pending | F50: https://www.youtube.com/watch?v=Y8n1KNZuX4U

Sheet Sootha Samhitha
B2: Sootha Samhitha - Samavedham Shanmukha Sharma
B7: S.No. | C7: Status | D7: Date Completed | E7: Notes | F7: Video Link | G7: Duration | I7: Percentage | K7: Progress | L7: =IFERROR(__xludf.DUMMYFUNCTION("SPARKLINE(I8, {""charttype"",""bar"";""max"",1;""color1"",""#4CAF50""})"),"") | N7: Month_Date | O7: Videos Completed
B8: 1 | C8: Completed | D8: 46223 | F8: https://www.youtube.com/watch?v=yydVIBCfeaw | I8: =L8/$L$10 -> 0.125 | K8: Completed | L8: =COUNTIF(C8:C23, "Completed") -> 2 | N8: =DATE(2026, 7, 1) -> 46204 | O8: =COUNTIFS($D$8:$D$23, ">="&N8, $D$8:$D$23, "<="&EOMONTH(N8, 0), $C$8:$C$23, "Completed") -> 2
B9: 2 | C9: Completed | D9: 46228 | F9: https://www.youtube.com/watch?v=gGaSzKqclQo | I9: =L9/$L$10 -> 0.875 | K9: Pending | L9: =COUNTIF(C8:C23, "Pending") -> 14 | N9: =DATE(2026, 8, 1) -> 46235 | O9: =COUNTIFS($D$8:$D$23, ">="&N9, $D$8:$D$23, "<="&EOMONTH(N9, 0), $C$8:$C$23, "Completed") -> 0
B10: 3 | C10: Pending | F10: https://www.youtube.com/watch?v=0z6T6GQKNmA | K10: Total Videos | L10: =COUNT(B8:B23) -> 16 | N10: =DATE(2026, 9, 1) -> 46266 | O10: =COUNTIFS($D$8:$D$23, ">="&N10, $D$8:$D$23, "<="&EOMONTH(N10, 0), $C$8:$C$23, "Completed") -> 0
B11: 4 | C11: Pending | F11: https://www.youtube.com/watch?v=FdTBpE-Pe50 | K11: Total Hours | L11: =SUM(G8:G23) -> 0 | N11: =DATE(2026, 10, 1) -> 46296 | O11: =COUNTIFS($D$8:$D$23, ">="&N11, $D$8:$D$23, "<="&EOMONTH(N11, 0), $C$8:$C$23, "Completed") -> 0
B12: 5 | C12: Pending | F12: https://www.youtube.com/watch?v=RNd4Zk00B9w | K12: Pending Hours | L12: =SUMIF(C8:C23, "Pending", G8:G23) -> 0 | N12: =DATE(2026, 11, 1) -> 46327 | O12: =COUNTIFS($D$8:$D$23, ">="&N12, $D$8:$D$23, "<="&EOMONTH(N12, 0), $C$8:$C$23, "Completed") -> 0
B13: 6 | C13: Pending | F13: https://www.youtube.com/watch?v=yfYwH8mhmFM | K13: Start Date | N13: =DATE(2026, 12, 1) -> 46357 | O13: =COUNTIFS($D$8:$D$23, ">="&N13, $D$8:$D$23, "<="&EOMONTH(N13, 0), $C$8:$C$23, "Completed") -> 0
B14: 7 | C14: Pending | F14: https://www.youtube.com/watch?v=-0W7lzbkL5Q | K14: Target Date
B15: 8 | C15: Pending | F15: https://www.youtube.com/watch?v=qCwUjEsUJVY
B16: 9 | C16: Pending | F16: https://www.youtube.com/watch?v=KwjGtkVM-Lg | K16: Metric | L16: Completed | M16: Pending
B17: 10 | C17: Pending | F17: https://www.youtube.com/watch?v=hdyD_J2Gu7k | K17: Videos | L17: =L8 -> 2 | M17: =L9 -> 14
B18: 11 | C18: Pending | F18: https://www.youtube.com/watch?v=hQf1o4Pr1HI
B19: 12 | C19: Pending | F19: https://www.youtube.com/watch?v=ptIWCg-pd9w
B20: 13 | C20: Pending | F20: https://www.youtube.com/watch?v=UPc9Qun3buw
B21: 14 | C21: Pending | F21: https://www.youtube.com/watch?v=D5JQ-di76NE
B22: 15 | C22: Pending | F22: https://www.youtube.com/watch?v=E7utazPNtz0
B23: 16 | C23: Pending | F23: https://www.youtube.com/watch?v=0WRAeRq6Lws

Sheet Scriptures Tracker
A1: repl
C2: Master Scriptures Tracker
B5: S.No. | C5: Scripture | D5: Completed | E5: pending | F5: total | G5: Start Date | H5: Recent visit | I5: Google Sheet Link | J5: Youtube Playlist Link | K5: Progress | L5: Completion %
B6: 1 | C6: Sri Rudram | D6: =COUNTIF('Sri Rudram Tracker'!C6:C36, "Completed") -> 31 | E6: =COUNTIF('Sri Rudram Tracker'!C6:C36, "Pending") -> 0 | F6: =COUNTA('Sri Rudram Tracker'!B6:B36) -> 31 | G6: =IF(COUNT('Sri Rudram Tracker'!D6:D36)=0, "", MIN('Sri Rudram Tracker'!D6:D36)) -> 46216 | H6: =IF(COUNT('Sri Rudram Tracker'!D6:D36)=0, "", MAX('Sri Rudram Tracker'!D6:D36)) -> 46246 | I6: Link | J6: Samavedham Guntur Shankar mattham | K6: =IFERROR(__xludf.DUMMYFUNCTION("SPARKLINE({D6, E6}, {""charttype"", ""bar""; ""color1"", ""green""; ""color2"", ""red""; ""max"", F6})"),"") | L6: =IFERROR(D6/F6, 0) -> 1
B7: 3 | C7: Lalitha Sahasra namam | D7: =COUNTIF('Lalitha Tracker'!C6:C49, "Completed") -> 44 | E7: =COUNTIF('Lalitha Tracker'!C6:C49, "Pending") -> 0 | F7: =COUNTA('Lalitha Tracker'!B6:B49) -> 44 | G7: =IF(COUNT('Lalitha Tracker'!D6:D49)=0, "", MIN('Lalitha Tracker'!D6:D49)) -> 46078 | H7: =IF(COUNT('Lalitha Tracker'!D6:D49)=0, "", MAX('Lalitha Tracker'!D6:D49)) -> 46221 | I7: Link | J7: Samavedham Guntur Shankar Mattham Lalitha | K7: =IFERROR(__xludf.DUMMYFUNCTION("SPARKLINE({D7, E7}, {""charttype"", ""bar""; ""color1"", ""green""; ""color2"", ""red""; ""max"", F7})"),"") | L7: =IFERROR(D7/F7, 0) -> 1
B8: 4 | C8: Katha Upanishad | D8: =COUNTIF('Katha Upanishad'!C6:C49, "Completed") -> 44 | E8: =COUNTIF('Katha Upanishad'!C6:C49, "Pending") -> 0 | F8: =COUNTA('Katha Upanishad'!B6:B49) -> 44 | G8: =IF(COUNT('Katha Upanishad'!D6:D49)=0, "", MIN('Katha Upanishad'!D6:D49)) -> 45909 | H8: =IF(COUNT('Katha Upanishad'!D6:D49)=0, "", MAX('Katha Upanishad'!D6:D49)) -> 45934 | I8: Link | J8: katha upanishad by sarvapriyanandha | K8: =IFERROR(__xludf.DUMMYFUNCTION("SPARKLINE({D8, E8}, {""charttype"", ""bar""; ""color1"", ""green""; ""color2"", ""red""; ""max"", F8})"),"") | L8: =IFERROR(D8/F8, 0) -> 1
B9: 5 | C9: Devi Bhaagavatham | D9: =COUNTIF('Devi Bhaagavatham Tracker'!C8:C33, "Completed") -> 26 | E9: =COUNTIF('Devi Bhaagavatham Tracker'!C8:C33, "Pending") -> 0 | F9: =COUNTA('Devi Bhaagavatham Tracker'!B8:B33) -> 26 | G9: =IF(COUNT('Devi Bhaagavatham Tracker'!D8:D33)=0, "", MIN('Devi Bhaagavatham Tracker'!D8:D33)) -> 46196 | H9: =IF(COUNT('Devi Bhaagavatham Tracker'!D8:D33)=0, "", MAX('Devi Bhaagavatham Tracker'!D8:D33)) -> 46223 | I9: Link | J9: Samavedham Shanmukha Sharma devi bhagavatham | K9: =IFERROR(__xludf.DUMMYFUNCTION("SPARKLINE({D9, E9}, {""charttype"", ""bar""; ""color1"", ""green""; ""color2"", ""red""; ""max"", F9})"),"") | L9: =IFERROR(D9/F9, 0) -> 1
B10: 8 | C10: Sandhyavandhanam | D10: =COUNTIF('Sandhyavandhanam Tracker'!C6:C17, "Completed") -> 4 | E10: =COUNTIF('Sandhyavandhanam Tracker'!C6:C17, "Pending") -> 6 | F10: =COUNTA('Sandhyavandhanam Tracker'!B6:B17) -> 10 | G10: =IF(COUNT('Sandhyavandhanam Tracker'!D6:D17)=0, "", MIN('Sandhyavandhanam Tracker'!D6:D17)) -> 46226 | H10: =IF(COUNT('Sandhyavandhanam Tracker'!D6:D17)=0, "", MAX('Sandhyavandhanam Tracker'!D6:D17)) -> 46246 | I10: Link | J10: =HYPERLINK("[link removed]", "Sandhyavandhanam") -> Sandhyavandhanam | K10: =IFERROR(__xludf.DUMMYFUNCTION("SPARKLINE({D10, E10}, {""charttype"", ""bar""; ""color1"", ""green""; ""color2"", ""red""; ""max"", F10})"),"") | L10: =IFERROR(D10/F10, 0) -> 0.4
B11: 2 | C11: Sanskrit by Swami Ved Chaitanya | D11: =COUNTIF('Sanskrit Tracker'!C8:C102, "Completed") -> 14 | E11: =COUNTIF('Sanskrit Tracker'!C8:C102, "Pending") -> 81 | F11: =COUNTA('Sanskrit Tracker'!B8:B102) -> 95 | G11: =IF(COUNT('Sanskrit Tracker'!D7:D102)=0, "", MIN('Sanskrit Tracker'!D7:D102)) -> 46204 | H11: =IF(COUNT('Sanskrit Tracker'!D7:D102)=0, "", MAX('Sanskrit Tracker'!D7:D102)) -> 46219 | I11: Link | J11: Swami Ved Chaitanya | K11: =IFERROR(__xludf.DUMMYFUNCTION("SPARKLINE({D11, E11}, {""charttype"", ""bar""; ""color1"", ""green""; ""color2"", ""red""; ""max"", F11})"),"") | L11: =IFERROR(D11/F11, 0) -> 0.14736842
B12: 7 | C12: Sootha Samhitha | D12: =COUNTIF('Sootha Samhitha'!C8:C23, "Completed") -> 2 | E12: =COUNTIF('Sootha Samhitha'!C8:C23, "Pending") -> 14 | F12: =COUNTA('Sootha Samhitha'!B8:B23) -> 16 | G12: =IF(COUNT('Sootha Samhitha'!D8:D23)=0, "", MIN('Sootha Samhitha'!D8:D23)) -> 46223 | H12: =IF(COUNT('Sootha Samhitha'!D8:D23)=0, "", MAX('Sootha Samhitha'!D8:D23)) -> 46228 | I12: Link | J12: =HYPERLINK("[link removed]", "Samavedham Shanmukha Sharma Sootha Samhitha") -> Samavedham Shanmukha Sharma Sootha Samhitha | K12: =IFERROR(__xludf.DUMMYFUNCTION("SPARKLINE({D12, E12}, {""charttype"", ""bar""; ""color1"", ""green""; ""color2"", ""red""; ""max"", F12})"),"") | L12: =IFERROR(D12/F12, 0) -> 0.125
B13: 6 | C13: Bhagavadgita | D13: =COUNTIF('Bhagavadgita Tracker'!C8:C50, "Completed") -> 8 | E13: =COUNTIF('Bhagavadgita Tracker'!C8:C50, "Pending") -> 35 | F13: =COUNTA('Bhagavadgita Tracker'!B8:B50) -> 43 | G13: =IF(COUNT('Bhagavadgita Tracker'!D8:D50)=0, "", MIN('Bhagavadgita Tracker'!D8:D50)) -> 46246 | H13: =IF(COUNT('Bhagavadgita Tracker'!D8:D50)=0, "", MAX('Bhagavadgita Tracker'!D8:D50)) -> 46253 | I13: Link | J13: Bhagavadgita by Samavedham shanmukha sharma gaaru | K13: =IFERROR(__xludf.DUMMYFUNCTION("SPARKLINE({D13, E13}, {""charttype"", ""bar""; ""color1"", ""green""; ""color2"", ""red""; ""max"", F13})"),"") | L13: =IFERROR(D13/F13, 0) -> 0.18604651
B14: 9 | C14: ADITHYA HRIDAYAM | D14: =COUNTIF('ADITHYA HRIDAYAM'!C8:C17, "Completed") -> 0 | E14: =COUNTIF('ADITHYA HRIDAYAM'!C8:C17, "Pending") -> 9 | F14: =COUNTA('ADITHYA HRIDAYAM'!B8:B17) -> 9 | G14: =IF(COUNT('ADITHYA HRIDAYAM'!D8:D17)=0, "", MIN('ADITHYA HRIDAYAM'!D8:D17)) | H14: =IF(COUNT('ADITHYA HRIDAYAM'!D8:D17)=0, "", MAX('ADITHYA HRIDAYAM'!D8:D17)) | I14: Link | J14: ADITHYA HRIDAYAM BY SAMAVEDHAM | K14: =IFERROR(__xludf.DUMMYFUNCTION("SPARKLINE({D14, E14}, {""charttype"", ""bar""; ""color1"", ""green""; ""color2"", ""red""; ""max"", F14})"),"") | L14: =IFERROR(D14/F14, 0) -> 0
B15: 10 | C15: Garuda Mahapuranam | D15: =COUNTIF('Garuda Mahapuranam'!C8:C22, "Completed") -> 0 | E15: =COUNTIF('Garuda Mahapuranam'!C8:C22, "Pending") -> 15 | F15: =COUNTA('Garuda Mahapuranam'!B8:B22) -> 15 | G15: =IF(COUNT('Garuda Mahapuranam'!D8:D22)=0, "", MIN('Garuda Mahapuranam'!D8:D22)) | H15: =IF(COUNT('Garuda Mahapuranam'!D8:D22)=0, "", MAX('Garuda Mahapuranam'!D8:D22)) | I15: Link | J15: Garuda Mahapuranam by samavedham | K15: =IFERROR(__xludf.DUMMYFUNCTION("SPARKLINE({D15, E15}, {""charttype"", ""bar""; ""color1"", ""green""; ""color2"", ""red""; ""max"", F15})"),"") | L15: =IFERROR(D15/F15, 0) -> 0

Sheet Sandhyavandhanam Tracker
B2: Sandhyavandhanam - Samavedham Shanmukha Sharma
B5: S.No. | C5: Status | D5: Date Completed | E5: Key Takeaways | F5: Video Link | G5: Duration | I5: Progress | L5: Percentage
B6: 1 | C6: Completed | D6: 46226 | F6: https://www.youtube.com/watch?v=5MiNNrqCkbU | I6: Completed | J6: =COUNTIF(C6:C17, "Completed") -> 4 | L6: =J6/J8 -> 0.4
B7: 2 | C7: Completed | D7: 46228 | F7: https://www.youtube.com/watch?v=4tqRPKQCy4U | I7: Pending | J7: =COUNTIF(C6:C17, "Pending") -> 6 | L7: =J7/J8 -> 0.6 | N7: Month_Date | O7: Videos Completed
B8: 3 | C8: Completed | D8: 46240 | F8: https://www.youtube.com/watch?v=fg7WPkkVD_s | I8: Total Videos | J8: =COUNTA(B6:B17) -> 10 | N8: 46204 | O8: =COUNTIFS($D$6:$D$17, ">="&N8, $D$6:$D$17, "<="&EOMONTH(N8, 0), $C$6:$C$17, "Completed") -> 2
B9: 4 | C9: Completed | D9: 46246 | F9: https://www.youtube.com/watch?v=G6A_XvtkuPs | I9: Total Hours | J9: =SUM(G6:G17) -> 0 | N9: 46235 | O9: =COUNTIFS($D$6:$D$17, ">="&N9, $D$6:$D$17, "<="&EOMONTH(N9, 0), $C$6:$C$17, "Completed") -> 2
B10: 5 | C10: Pending | F10: https://www.youtube.com/watch?v=zNdf-E-XzX0 | I10: Pending Hours | J10: =SUMIF(C6:C17, "Pending", G6:G17) -> 0 | N10: 46266 | O10: =COUNTIFS($D$6:$D$17, ">="&N10, $D$6:$D$17, "<="&EOMONTH(N10, 0), $C$6:$C$17, "Completed") -> 0
B11: 6 | C11: Pending | F11: https://www.youtube.com/watch?v=jkLvsRufOYY | I11: Start Date | J11: =MIN(D6:D17) -> 46226 | N11: 46296 | O11: =COUNTIFS($D$6:$D$17, ">="&N11, $D$6:$D$17, "<="&EOMONTH(N11, 0), $C$6:$C$17, "Completed") -> 0
B12: 7 | C12: Pending | F12: https://www.youtube.com/watch?v=mTqYblbnwyw | I12: Target Date | J12: =MAX(D6:D17) -> 46246 | N12: 46327 | O12: =COUNTIFS($D$6:$D$17, ">="&N12, $D$6:$D$17, "<="&EOMONTH(N12, 0), $C$6:$C$17, "Completed") -> 0
B13: 8 | C13: Pending | F13: https://www.youtube.com/watch?v=VLSuK9o8Xks | N13: 46357 | O13: =COUNTIFS($D$6:$D$17, ">="&N13, $D$6:$D$17, "<="&EOMONTH(N13, 0), $C$6:$C$17, "Completed") -> 0
B14: 9 | C14: Pending | F14: https://www.youtube.com/watch?v=mnfA1g2YqZ8
B15: 10 | C15: Pending | F15: https://www.youtube.com/watch?v=O31jobQRnrg
I16: Metric | J16: Completed | K16: Pending
I17: Videos | J17: =J6 -> 4 | K17: =J7 -> 6

Sheet Dashboard
B2: Master Scriptures Dashboard
H20: Scripture | I20: Completed | J20: Pending | K20: Total | L20: Completion %
H21: ='Scriptures Tracker'!C6 -> Sri Rudram | I21: ='Scriptures Tracker'!D6 -> 31 | J21: ='Scriptures Tracker'!E6 -> 0 | K21: ='Scriptures Tracker'!F6 -> 31 | L21: =IF(K21=0, 0, I21/K21) -> 1
H22: ='Scriptures Tracker'!C7 -> Lalitha Sahasra namam | I22: ='Scriptures Tracker'!D7 -> 44 | J22: ='Scriptures Tracker'!E7 -> 0 | K22: ='Scriptures Tracker'!F7 -> 44 | L22: =IF(K22=0, 0, I22/K22) -> 1
H23: ='Scriptures Tracker'!C8 -> Katha Upanishad | I23: ='Scriptures Tracker'!D8 -> 44 | J23: ='Scriptures Tracker'!E8 -> 0 | K23: ='Scriptures Tracker'!F8 -> 44 | L23: =IF(K23=0, 0, I23/K23) -> 1
H24: ='Scriptures Tracker'!C9 -> Devi Bhaagavatham | I24: ='Scriptures Tracker'!D9 -> 26 | J24: ='Scriptures Tracker'!E9 -> 0 | K24: ='Scriptures Tracker'!F9 -> 26 | L24: =IF(K24=0, 0, I24/K24) -> 1
H25: ='Scriptures Tracker'!C10 -> Sandhyavandhanam | I25: ='Scriptures Tracker'!D10 -> 4 | J25: ='Scriptures Tracker'!E10 -> 6 | K25: ='Scriptures Tracker'!F10 -> 10 | L25: =IF(K25=0, 0, I25/K25) -> 0.4
H26: ='Scriptures Tracker'!C11 -> Sanskrit by Swami Ved Chaitanya | I26: ='Scriptures Tracker'!D11 -> 14 | J26: ='Scriptures Tracker'!E11 -> 81 | K26: ='Scriptures Tracker'!F11 -> 95 | L26: =IF(K26=0, 0, I26/K26) -> 0.14736842
H27: ='Scriptures Tracker'!C12 -> Sootha Samhitha | I27: ='Scriptures Tracker'!D12 -> 2 | J27: ='Scriptures Tracker'!E12 -> 14 | K27: ='Scriptures Tracker'!F12 -> 16 | L27: =IF(K27=0, 0, I27/K27) -> 0.125
H28: ='Scriptures Tracker'!C13 -> Bhagavadgita | I28: ='Scriptures Tracker'!D13 -> 8 | J28: ='Scriptures Tracker'!E13 -> 35 | K28: ='Scriptures Tracker'!F13 -> 43 | L28: =IF(K28=0, 0, I28/K28) -> 0.18604651
H29: ='Scriptures Tracker'!C14 -> ADITHYA HRIDAYAM | I29: ='Scriptures Tracker'!D14 -> 0 | J29: ='Scriptures Tracker'!E14 -> 9 | K29: ='Scriptures Tracker'!F14 -> 9 | L29: =IF(K29=0, 0, I29/K29) -> 0
H30: ='Scriptures Tracker'!C15 -> Garuda Mahapuranam | I30: ='Scriptures Tracker'!D15 -> 0 | J30: ='Scriptures Tracker'!E15 -> 15 | K30: ='Scriptures Tracker'!F15 -> 15 | L30: =IF(K30=0, 0, I30/K30) -> 0

Sheet Sanskrit Tracker
B2: Sanskrit Learning Tracker - Ved Chaitanya
B7: S.No. | C7: Status | D7: Date Completed | E7: Notes | F7: Video Link | G7: Duration | I7: Percentage | K7: Progress | L7: =IFERROR(__xludf.DUMMYFUNCTION("SPARKLINE(I8, {""charttype"",""bar"";""max"",1;""color1"",""#4CAF50""})"),"") | N7: Month_Date | O7: Videos Completed
B8: {=SEQUENCE(95,1)} -> 1 | C8: Completed | D8: 46204 | F8: https://www.youtube.com/watch?v=kDgozf92HnE | I8: =L8/$L$10 -> 0.14736842 | K8: Completed | L8: =COUNTIF(C8:C102, "Completed") -> 14 | N8: =DATE(2026, 7, 1) -> 46204 | O8: =COUNTIFS($D$8:$D$102, ">="&N8, $D$8:$D$102, "<="&EOMONTH(N8, 0), $C$8:$C$102, "Completed") -> 14
B9: 2 | C9: Completed | D9: 46206 | F9: https://www.youtube.com/watch?v=QyGATMPExP0 | I9: =L9/$L$10 -> 0.85263158 | K9: Pending | L9: =COUNTIF(C8:C102, "Pending") -> 81 | N9: =DATE(2026, 8, 1) -> 46235 | O9: =COUNTIFS($D$8:$D$102, ">="&N9, $D$8:$D$102, "<="&EOMONTH(N9, 0), $C$8:$C$102, "Completed") -> 0
B10: 3 | C10: Completed | D10: 46206 | F10: https://www.youtube.com/watch?v=r89qCiTd7Ms | K10: Total Videos | L10: =COUNT(B8:B102) -> 95 | N10: =DATE(2026, 9, 1) -> 46266 | O10: =COUNTIFS($D$8:$D$102, ">="&N10, $D$8:$D$102, "<="&EOMONTH(N10, 0), $C$8:$C$102, "Completed") -> 0
B11: 4 | C11: Completed | D11: 46208 | F11: https://www.youtube.com/watch?v=vVnL2ilzjSU | K11: Total Hours | L11: =SUM(G8:G102) -> 0 | N11: =DATE(2026, 10, 1) -> 46296 | O11: =COUNTIFS($D$8:$D$102, ">="&N11, $D$8:$D$102, "<="&EOMONTH(N11, 0), $C$8:$C$102, "Completed") -> 0
B12: 5 | C12: Completed | D12: 46209 | F12: https://www.youtube.com/watch?v=oxqFa39gU8o | K12: Pending Hours | L12: =SUMIF(C8:C102, "Pending", G8:G102) -> 0 | N12: =DATE(2026, 11, 1) -> 46327 | O12: =COUNTIFS($D$8:$D$102, ">="&N12, $D$8:$D$102, "<="&EOMONTH(N12, 0), $C$8:$C$102, "Completed") -> 0
B13: 6 | C13: Completed | D13: 46210 | F13: https://www.youtube.com/watch?v=J0mm2UO7yY4 | K13: Start Date | N13: =DATE(2026, 12, 1) -> 46357 | O13: =COUNTIFS($D$8:$D$102, ">="&N13, $D$8:$D$102, "<="&EOMONTH(N13, 0), $C$8:$C$102, "Completed") -> 0
B14: 7 | C14: Completed | D14: 46211 | F14: https://www.youtube.com/watch?v=bgpUya4UTj0 | K14: Target Date
B15: 8 | C15: Completed | D15: 46212 | F15: https://www.youtube.com/watch?v=LASOGS1-XYw
B16: 9 | C16: Completed | D16: 46212 | F16: https://www.youtube.com/watch?v=bSfT3GDG65I | K16: Metric | L16: Completed | M16: Pending
B17: 10 | C17: Completed | D17: 46213 | F17: https://www.youtube.com/watch?v=JGeI8FFVIAU | K17: Videos | L17: =L8 -> 14 | M17: =L9 -> 81
B18: 11 | C18: Completed | D18: 46215 | F18: https://www.youtube.com/watch?v=g-qnkOC9NUs
B19: 12 | C19: Completed | D19: 46216 | F19: https://www.youtube.com/watch?v=ECE51uJnYSM
B20: 13 | C20: Completed | D20: 46217 | F20: https://www.youtube.com/watch?v=LfpM2MMKhBE
B21: 14 | C21: Completed | D21: 46219 | F21: https://www.youtube.com/watch?v=7W1OF2EhUWQ
B22: 15 | C22: Pending | F22: https://www.youtube.com/watch?v=VGxYDJ1EibM
B23: 16 | C23: Pending | F23: https://www.youtube.com/watch?v=DIhkOKsweec
B24: 17 | C24: Pending | F24: https://www.youtube.com/watch?v=4ygfOkaotBM
B25: 18 | C25: Pending | F25: https://www.youtube.com/watch?v=7W0shLpZp2k
B26: 19 | C26: Pending | F26: https://www.youtube.com/watch?v=fHsOuVse56g
B27: 20 | C27: Pending | F27: https://www.youtube.com/watch?v=nwnWDhvWoQA
B28: 21 | C28: Pending | F28: https://www.youtube.com/watch?v=GcR1RBOlx0E
B29: 22 | C29: Pending | F29: https://www.youtube.com/watch?v=oQfOW-nDwGw
B30: 23 | C30: Pending | F30: https://www.youtube.com/watch?v=ziaPHfFl-SU
B31: 24 | C31: Pending | F31: https://www.youtube.com/watch?v=_tjkkPaGoQQ
B32: 25 | C32: Pending | F32: https://www.youtube.com/watch?v=OkLdRJg2V1k
B33: 26 | C33: Pending | F33: https://www.youtube.com/watch?v=osX8BDu4kj0
... B102: 95 | C102: Pending | F102: https://www.youtube.com/watch?v=8HadaypJ3Fo

Sheet Lalitha Tracker
A2: Lalitha Sahasranama Pravachanam - Samavedham Shanumukha Sharma
B5: S.No. | C5: Status | D5: Date Completed | E5: Notes | F5: Video Link | G5: Duration | I5: Progress | J5: =IFERROR(__xludf.DUMMYFUNCTION("SPARKLINE(J6, {""charttype"",""bar"";""max"",1;""color1"",""#4CAF50""})"),"") | L5: Percentage
B6: 1 | C6: Completed | D6: 46078 | F6: https://www.youtube.com/watch?v=NLwW8WSjpwQ | I6: Completed | J6: =COUNTIF(C6:C49, "Completed") -> 44 | L6: =J6/$J$8 -> 1
B7: 2 | C7: Completed | D7: 46079 | F7: https://www.youtube.com/watch?v=y_og7DfCD8o | I7: Pending | J7: =COUNTIF(C6:C49, "Pending") -> 0 | L7: =J7/$J$8 -> 0
B8: 3 | C8: Completed | D8: 46080 | F8: https://www.youtube.com/watch?v=nZhGjUqvN3E | I8: Total Videos | J8: =COUNTA(B6:B49) -> 44
B9: 4 | C9: Completed | D9: 46082 | F9: https://www.youtube.com/watch?v=pnsh6Kn6fD4 | I9: Total Hours | J9: =SUM(G6:G49) -> 0
B10: 5 | C10: Completed | D10: 46082 | F10: https://www.youtube.com/watch?v=c_NhOdZ-2Lw | I10: Pending Hours | J10: =SUMIF(C6:C49, "Pending", G6:G49) -> 0
B11: 6 | C11: Completed | D11: 46083 | F11: https://www.youtube.com/watch?v=1FQx2uq6f3s | I11: Start Date
B12: 7 | C12: Completed | D12: 46084 | F12: https://www.youtube.com/watch?v=dsr5yG0G6zA | I12: Target Date
B13: 8 | C13: Completed | D13: 46085 | F13: https://www.youtube.com/watch?v=kiO_mqNEPa0 | N13: Month_Date | O13: Videos Completed
B14: 9 | C14: Completed | D14: 46087 | F14: https://www.youtube.com/watch?v=HUQOTj2Jy8o | N14: 46054 | O14: =COUNTIFS($D$6:$D$49, ">="&N14, $D$6:$D$49, "<="&EOMONTH(N14, 0), $C$6:$C$49, "Completed") -> 3
B15: 10 | C15: Completed | D15: 46089 | F15: https://www.youtube.com/watch?v=S0-DP55DKno | N15: 46082 | O15: =COUNTIFS($D$6:$D$49, ">="&N15, $D$6:$D$49, "<="&EOMONTH(N15, 0), $C$6:$C$49, "Completed") -> 15
B16: 11 | C16: Completed | D16: 46090 | F16: https://www.youtube.com/watch?v=XKfs7Am4Y6s | I16: Metric | J16: Completed | K16: Pending | N16: 46113 | O16: =COUNTIFS($D$6:$D$49, ">="&N16, $D$6:$D$49, "<="&EOMONTH(N16, 0), $C$6:$C$49, "Completed") -> 5
B17: 12 | C17: Completed | D17: 46090 | F17: https://www.youtube.com/watch?v=6WIPz8Ujqbo | I17: Videos | J17: =J6 -> 44 | K17: =J7 -> 0 | N17: 46143 | O17: =COUNTIFS($D$6:$D$49, ">="&N17, $D$6:$D$49, "<="&EOMONTH(N17, 0), $C$6:$C$49, "Completed") -> 4
B18: 13 | C18: Completed | D18: 46091 | F18: https://www.youtube.com/watch?v=qslsC6FHqM4 | N18: 46174 | O18: =COUNTIFS($D$6:$D$49, ">="&N18, $D$6:$D$49, "<="&EOMONTH(N18, 0), $C$6:$C$49, "Completed") -> 8
B19: 14 | C19: Completed | D19: 46096 | F19: https://www.youtube.com/watch?v=kntfmOCUgaY | N19: 46204 | O19: =COUNTIFS($D$6:$D$49, ">="&N19, $D$6:$D$49, "<="&EOMONTH(N19, 0), $C$6:$C$49, "Completed") -> 9
B20: 15 | C20: Completed | D20: 46097 | F20: https://www.youtube.com/watch?v=C9wr58lNmbA
B21: 16 | C21: Completed | D21: 46103 | F21: https://www.youtube.com/watch?v=QPhLyb3cqGE
B22: 17 | C22: Completed | D22: 46104 | F22: https://www.youtube.com/watch?v=zw3r7vSk6pU
B23: 18 | C23: Completed | D23: 46112 | F23: https://www.youtube.com/watch?v=PV_oBf1u7Jg
B24: 19 | C24: Completed | D24: 46129 | F24: https://www.youtube.com/watch?v=Kq9Wnt4-Ybc
B25: 20 | C25: Completed | D25: 46131 | F25: https://www.youtube.com/watch?v=0FGWH60pFuM
B26: 21 | C26: Completed | D26: 46131 | F26: https://www.youtube.com/watch?v=hctYf2REf6k
B27: 22 | C27: Completed | D27: 46138 | F27: https://www.youtube.com/watch?v=3UGB7IovHW0
B28: 23 | C28: Completed | D28: 46142 | F28: https://www.youtube.com/watch?v=TkqXtUicrTs
B29: 24 | C29: Completed | D29: 46143 | F29: https://www.youtube.com/watch?v=j-zLN0kudzg
B30: 25 | C30: Completed | D30: 46147 | F30: https://www.youtube.com/watch?v=X9FrHnSmwyw
B31: 26 | C31: Completed | D31: 46153 | F31: https://www.youtube.com/watch?v=U4Kpht2gZAQ
... B49: 44 | C49: Completed | D49: 46221 | F49: https://www.youtube.com/watch?v=AXAN6r0WY4I

Sheet Sri Rudram Tracker
B2: Sri Rudram pravachanam - Samavedham Shanmukha Sharma
Q4: Duration Analysis | T4: Daily Breakdown
B5: S.No. | C5: Status | D5: Date Completed | E5: Key Takeaways | F5: Video Link | G5: Duration | I5: Progress | L5: Percentage | Q5: Total Duration | R5: =SUM(G6:G36) -> 0.53722222 | T5: Date | U5: Duration
B6: 1 | C6: Completed | D6: 46216 | F6: https://www.youtube.com/watch?v=bgXkjA-HE48 | G6: 0.021134259 | I6: Completed | J6: =COUNTIF(C6:C36, "Completed") -> 31 | L6: =J6/J8 -> 1 | Q6: Active Days | R6: =IFERROR(__xludf.DUMMYFUNCTION("COUNTUNIQUE(D6:D36)"),10.0) -> 10 | T6: =IFERROR(__xludf.DUMMYFUNCTION("SORT(UNIQUE(FILTER(D6:D36, D6:D36<>"""")))"),46216.0) -> 46216 | U6: {=IF(ISBLANK(T6:T36),, SUMIFS(G6:G36, D6:D36, T6:T36))} -> 0.021134259
B7: 2 | C7: Completed | D7: 46217 | F7: https://www.youtube.com/watch?v=0dXFHSLRCJQ | G7: 0.021134259 | I7: Pending | J7: =COUNTIF(C6:C36, "Pending") -> 0 | L7: =J7/J8 -> 0 | N7: Month_Date | O7: Videos Completed | Q7: Avg Duration/Day | R7: =IFERROR(R5/R6, 0) -> 0.053722222 | T7: =IFERROR(__xludf.DUMMYFUNCTION("""COMPUTED_VALUE"""),46217.0) -> 46217 | U7: 0.021134259
B8: 3 | C8: Completed | D8: 46217 | F8: https://www.youtube.com/watch?v=bUdwtn5MJNM | G8: 0.020486111 | I8: Total Videos | J8: =COUNTA(B6:B36) -> 31 | N8: 46204 | O8: =COUNTIFS($D$6:$D$36, ">="&N8, $D$6:$D$36, "<="&EOMONTH(N8, 0), $C$6:$C$36, "Completed") -> 23 | T8: =IFERROR(__xludf.DUMMYFUNCTION("""COMPUTED_VALUE"""),46218.0) -> 46218 | U8: 0.021134259
B9: 4 | C9: Completed | D9: 46218 | F9: https://www.youtube.com/watch?v=6ookmYFfBe4 | G9: 0.018923611 | I9: Total Hours | J9: =SUM(G6:G36) -> 0.53722222 | N9: 46235 | O9: =COUNTIFS($D$6:$D$36, ">="&N9, $D$6:$D$36, "<="&EOMONTH(N9, 0), $C$6:$C$36, "Completed") -> 8 | Q9: Month | R9: Total Duration | T9: =IFERROR(__xludf.DUMMYFUNCTION("""COMPUTED_VALUE"""),46220.0) -> 46220 | U9: 0.021134259
B10: 5 | C10: Completed | D10: 46218 | F10: https://www.youtube.com/watch?v=tm4k1VjMaTs | G10: 0.021099537 | I10: Pending Hours | J10: =SUMIF(C6:C36, "Pending", G6:G36) -> 0 | N10: 46266 | O10: =COUNTIFS($D$6:$D$36, ">="&N10, $D$6:$D$36, "<="&EOMONTH(N10, 0), $C$6:$C$36, "Completed") -> 0 | Q10: {=SORT(UNIQUE(IF(ISBLANK(D6:D36),, EOMONTH(D6:D36, -1)+1)))} -> 46204 | R10: {=IF(ISBLANK(Q10:Q36),, SUMIFS(G6:G36, D6:D36, ">="&Q10:Q36, D6:D36, "<="&EOMONTH(Q10:Q36, 0)))} -> 0.44431713 | T10: =IFERROR(__xludf.DUMMYFUNCTION("""COMPUTED_VALUE"""),46221.0) -> 46221 | U10: 0.021134259
B11: 6 | C11: Completed | D11: 46218 | F11: https://www.youtube.com/watch?v=wZCgCMHru0k | G11: 0.021145833 | I11: Start Date | J11: =MIN(D6:D36) -> 46216 | N11: 46296 | O11: =COUNTIFS($D$6:$D$36, ">="&N11, $D$6:$D$36, "<="&EOMONTH(N11, 0), $C$6:$C$36, "Completed") -> 0 | Q11: 46235 | R11: 0.44431713 | T11: =IFERROR(__xludf.DUMMYFUNCTION("""COMPUTED_VALUE"""),46228.0) -> 46228 | U11: 0.021134259
B12: 7 | C12: Completed | D12: 46218 | F12: https://www.youtube.com/watch?v=SOsNtuMysVs | G12: 0.017303241 | I12: Target Date | J12: =MAX(D6:D36) -> 46246 | N12: 46327 | O12: =COUNTIFS($D$6:$D$36, ">="&N12, $D$6:$D$36, "<="&EOMONTH(N12, 0), $C$6:$C$36, "Completed") -> 0 | T12: =IFERROR(__xludf.DUMMYFUNCTION("""COMPUTED_VALUE"""),46229.0) -> 46229 | U12: 0.021134259
B13: 8 | C13: Completed | D13: 46220 | F13: https://www.youtube.com/watch?v=fkabXNIQ9rQ | G13: 0.020949074 | N13: 46357 | O13: =COUNTIFS($D$6:$D$36, ">="&N13, $D$6:$D$36, "<="&EOMONTH(N13, 0), $C$6:$C$36, "Completed") -> 0 | T13: =IFERROR(__xludf.DUMMYFUNCTION("""COMPUTED_VALUE"""),46231.0) -> 46231 | U13: 0.021134259
B14: 9 | C14: Completed | D14: 46220 | F14: https://www.youtube.com/watch?v=thRjZcTgViQ | G14: 0.020972222 | T14: =IFERROR(__xludf.DUMMYFUNCTION("""COMPUTED_VALUE"""),46244.0) -> 46244 | U14: 0.021134259
B15: 10 | C15: Completed | D15: 46220 | F15: https://www.youtube.com/watch?v=RjZHLD3Y62Y | G15: 0.020902778 | T15: =IFERROR(__xludf.DUMMYFUNCTION("""COMPUTED_VALUE"""),46246.0) -> 46246 | U15: 0.021134259
B16: 11 | C16: Completed | D16: 46220 | F16: https://www.youtube.com/watch?v=d5g7l2IlLgg | G16: 0.015335648 | I16: Metric | J16: Completed | K16: Pending
B17: 12 | C17: Completed | D17: 46221 | F17: https://www.youtube.com/watch?v=650D8048um4 | G17: 0.02099537 | I17: Videos | J17: =J6 -> 31 | K17: =J7 -> 0
B18: 13 | C18: Completed | D18: 46221 | F18: https://youtu.be/dVghuky3IU4?si=z5dB6tsh6cGL-uhW | G18: 0.020868056
B19: 14 | C19: Completed | D19: 46221 | F19: https://www.youtube.com/watch?v=HQMcVSlDrvM | G19: 0.02087963
B20: 15 | C20: Completed | D20: 46221 | F20: https://www.youtube.com/watch?v=siiPvnQJ3X4 | G20: 0.011516204
B21: 16 | C21: Completed | D21: 46228 | F21: https://www.youtube.com/watch?v=E2YrfHerniM | G21: 0.021111111
B22: 17 | C22: Completed | D22: 46228 | F22: https://www.youtube.com/watch?v=Y3ZJXxTnf4Q | G22: 0.021064815
B23: 18 | C23: Completed | D23: 46228 | F23: https://www.youtube.com/watch?v=dWqaB04vFnI | G23: 0.021041667
B24: 19 | C24: Completed | D24: 46228 | F24: https://www.youtube.com/watch?v=mL_NFtjr9dE | G24: 0.010532407
B25: 20 | C25: Completed | D25: 46229 | F25: https://www.youtube.com/watch?v=-B57at2MvSM | G25: 0.020787037
B26: 21 | C26: Completed | D26: 46229 | F26: https://www.youtube.com/watch?v=cdFTDcS7NwE | G26: 0.020439815
B27: 22 | C27: Completed | D27: 46231 | F27: https://www.youtube.com/watch?v=ZOpl-Lz-9LM | G27: 0.020613426
B28: 23 | C28: Completed | D28: 46231 | F28: https://www.youtube.com/watch?v=imrZeN-_TUE | G28: 0.015081019
B29: 24 | C29: Completed | D29: 46244 | F29: https://www.youtube.com/watch?v=Av-tGWbcWiA | G29: 0.0209375
... B36: 31 | C36: Completed | D36: 46246 | F36: https://youtu.be/ejw7IOYzYtM?si=YAXwYSVb4woAwQyE | G36: 0.0015740741

Sheet Katha Upanishad
B2: Katha Upanishad - Swami Sarvapriyananda
B5: S.No. | C5: Status | D5: Date Completed | E5: Key Takeaways | F5: Video Link | G5: Duration | I5: Progress | L5: Percentage
B6: 1 | C6: Completed | D6: 45909 | F6: https://www.youtube.com/watch?v=T9LqW5m0K4U | I6: Completed | J6: =COUNTIF(C6:C49, "Completed") -> 44 | L6: =IFERROR(J6/J8, 0) -> 1
B7: 2 | C7: Completed | D7: 45910 | F7: https://www.youtube.com/watch?v=MmoxzLIzAas | I7: Pending | J7: =COUNTIF(C6:C49, "Pending") -> 0 | L7: =IFERROR(J7/J8, 0) -> 0 | N7: Week Start | O7: Videos Completed
B8: 3 | C8: Completed | D8: 45911 | F8: https://www.youtube.com/watch?v=JFqfXk67D_0 | I8: Total Videos | J8: =COUNTA(B6:B49) -> 44 | N8: 2025-09-01 | O8: =COUNTIFS($D$6:$D$49, ">="&N8, $D$6:$D$49, "<"&N8+7, $C$6:$C$49, "Completed") -> 0
B9: 4 | C9: Completed | D9: 45911 | F9: https://www.youtube.com/watch?v=4IO1SO43nfg | I9: Total Hours | J9: =SUM(G6:G49) -> 0 | N9: 2025-09-08 | O9: =COUNTIFS($D$6:$D$49, ">="&N9, $D$6:$D$49, "<"&N9+7, $C$6:$C$49, "Completed") -> 9
B10: 5 | C10: Completed | D10: 45912 | F10: https://www.youtube.com/watch?v=1Of2oh_V1uc | I10: Pending Hours | J10: =SUMIFS(G6:G49, C6:C49, "Pending") -> 0 | N10: 2025-09-15 | O10: =COUNTIFS($D$6:$D$49, ">="&N10, $D$6:$D$49, "<"&N10+7, $C$6:$C$49, "Completed") -> 13
B11: 6 | C11: Completed | D11: 45912 | F11: https://www.youtube.com/watch?v=7rOdP6Y_WXo | I11: Start Date | J11: =MIN(D6:D49) -> 45909 | N11: 2025-09-22 | O11: =COUNTIFS($D$6:$D$49, ">="&N11, $D$6:$D$49, "<"&N11+7, $C$6:$C$49, "Completed") -> 12
B12: 7 | C12: Completed | D12: 45913 | F12: https://www.youtube.com/watch?v=Ns7h-YLQ3wk | I12: Target Date | N12: 2025-09-29 | O12: =COUNTIFS($D$6:$D$49, ">="&N12, $D$6:$D$49, "<"&N12+7, $C$6:$C$49, "Completed") -> 10
B13: 8 | C13: Completed | D13: 45914 | F13: https://www.youtube.com/watch?v=rz-b9rjSgV0 | N13: 2025-10-06 | O13: =COUNTIFS($D$6:$D$49, ">="&N13, $D$6:$D$49, "<"&N13+7, $C$6:$C$49, "Completed") -> 0
B14: 9 | C14: Completed | D14: 45914 | F14: https://www.youtube.com/watch?v=VJ2g3HSYK6E | N14: 2025-10-13 | O14: =COUNTIFS($D$6:$D$49, ">="&N14, $D$6:$D$49, "<"&N14+7, $C$6:$C$49, "Completed") -> 0
B15: 10 | C15: Completed | D15: 45915 | F15: https://www.youtube.com/watch?v=a6AF3i3mUUY | N15: 2025-10-20 | O15: =COUNTIFS($D$6:$D$49, ">="&N15, $D$6:$D$49, "<"&N15+7, $C$6:$C$49, "Completed") -> 0
B16: 11 | C16: Completed | D16: 45915 | F16: https://www.youtube.com/watch?v=b_GLlrRi4y4 | I16: Metric | J16: Completed | K16: Pending | N16: 2025-10-27 | O16: =COUNTIFS($D$6:$D$49, ">="&N16, $D$6:$D$49, "<"&N16+7, $C$6:$C$49, "Completed") -> 0
B17: 12 | C17: Completed | D17: 45916 | F17: https://www.youtube.com/watch?v=lxP7Sdxkm8M | I17: Videos | J17: =J6 -> 44 | K17: =J7 -> 0
B18: 13 | C18: Completed | D18: 45916 | F18: https://www.youtube.com/watch?v=EmHNM-kdtSE
B19: 14 | C19: Completed | D19: 45917 | F19: https://www.youtube.com/watch?v=ZoNSg5-EZ0o
B20: 15 | C20: Completed | D20: 45917 | F20: https://www.youtube.com/watch?v=OKeFEGeZvFU
B21: 16 | C21: Completed | D21: 45918 | F21: https://www.youtube.com/watch?v=ScQlJIAJnFQ
B22: 17 | C22: Completed | D22: 45918 | F22: https://www.youtube.com/watch?v=DHH8K5kzmLM
B23: 18 | C23: Completed | D23: 45919 | F23: https://www.youtube.com/watch?v=UamLcnY7Vkg
B24: 19 | C24: Completed | D24: 45919 | F24: https://www.youtube.com/watch?v=Nzp1OSonylQ
B25: 20 | C25: Completed | D25: 45920 | F25: https://www.youtube.com/watch?v=FaxMHzGoYBA
B26: 21 | C26: Completed | D26: 45920 | F26: https://www.youtube.com/watch?v=MaIjltvzKZA
B27: 22 | C27: Completed | D27: 45921 | F27: https://www.youtube.com/watch?v=et3rpgF7RRY
B28: 23 | C28: Completed | D28: 45922 | F28: https://www.youtube.com/watch?v=5iV2kikzo8Q
B29: 24 | C29: Completed | D29: 45922 | F29: https://www.youtube.com/watch?v=aJZn4GNEw8g
... B49: 44 | C49: Completed | D49: 45934 | F49: https://www.youtube.com/watch?v=mfCK9OWq474

Sheet Calc_Data
A1: Total Completed | B1: =SUM('Scriptures Tracker'!D6:D15) -> 173 | D1: =IFERROR(__xludf.DUMMYFUNCTION("QUERY({IFERROR(ARRAYFORMULA(TEXT(FILTER('Sanskrit Tracker'!D8:D102, 'Sanskrit Tracker'!C8:C102=""Completed""), ""YYYY-MM"")), """"); IFERROR(ARRAYFORMULA(TEXT(FILTER('Sri Rudram Tracker'!D6:D36, 'Sri Rudram Tracker'!C6:C36=""Completed""), ""YYYY-MM"")), "&"""""); IFERROR(ARRAYFORMULA(TEXT(FILTER('Lalitha Tracker'!D6:D49, 'Lalitha Tracker'!C6:C49=""Completed""), ""YYYY-MM"")), """"); IFERROR(ARRAYFORMULA(TEXT(FILTER('Katha Upanishad'!D6:D49, 'Katha Upanishad'!C6:C49=""Completed""), ""YYYY-MM"")), """"); IFER"&"ROR(ARRAYFORMULA(TEXT(FILTER('Devi Bhaagavatham Tracker'!D8:D33, 'Devi Bhaagavatham Tracker'!C8:C33=""Completed""), ""YYYY-MM"")), """"); IFERROR(ARRAYFORMULA(TEXT(FILTER('Sootha Samhitha'!D8:D23, 'Sootha Samhitha'!C8:C23=""Completed""), ""YYYY-MM"")), """&""")}, ""select Col1, count(Col1) where Col1 <> '' group by Col1 order by Col1 label Col1 'Month', count(Col1) 'Completed'"")"),"Month") -> Month | E1: =IFERROR(__xludf.DUMMYFUNCTION("""COMPUTED_VALUE"""),"Completed") -> Completed
A2: Total Pending | B2: =SUM('Scriptures Tracker'!E6:E15) -> 160 | D2: =IFERROR(__xludf.DUMMYFUNCTION("""COMPUTED_VALUE"""),"2025-09") -> 2025-09 | E2: =IFERROR(__xludf.DUMMYFUNCTION("""COMPUTED_VALUE"""),36.0) -> 36
A3: Total Videos | B3: =SUM('Scriptures Tracker'!F6:F15) -> 333 | D3: =IFERROR(__xludf.DUMMYFUNCTION("""COMPUTED_VALUE"""),"2025-10") -> 2025-10 | E3: =IFERROR(__xludf.DUMMYFUNCTION("""COMPUTED_VALUE"""),8.0) -> 8
A4: Overall Completion Rate | B4: =B1/B3 -> 0.51951952 | D4: =IFERROR(__xludf.DUMMYFUNCTION("""COMPUTED_VALUE"""),"2026-02") -> 2026-02 | E4: =IFERROR(__xludf.DUMMYFUNCTION("""COMPUTED_VALUE"""),3.0) -> 3
D5: =IFERROR(__xludf.DUMMYFUNCTION("""COMPUTED_VALUE"""),"2026-03") -> 2026-03 | E5: =IFERROR(__xludf.DUMMYFUNCTION("""COMPUTED_VALUE"""),15.0) -> 15
D6: =IFERROR(__xludf.DUMMYFUNCTION("""COMPUTED_VALUE"""),"2026-04") -> 2026-04 | E6: =IFERROR(__xludf.DUMMYFUNCTION("""COMPUTED_VALUE"""),5.0) -> 5
D7: =IFERROR(__xludf.DUMMYFUNCTION("""COMPUTED_VALUE"""),"2026-05") -> 2026-05 | E7: =IFERROR(__xludf.DUMMYFUNCTION("""COMPUTED_VALUE"""),4.0) -> 4
D8: =IFERROR(__xludf.DUMMYFUNCTION("""COMPUTED_VALUE"""),"2026-06") -> 2026-06 | E8: =IFERROR(__xludf.DUMMYFUNCTION("""COMPUTED_VALUE"""),14.0) -> 14
D9: =IFERROR(__xludf.DUMMYFUNCTION("""COMPUTED_VALUE"""),"2026-07") -> 2026-07 | E9: =IFERROR(__xludf.DUMMYFUNCTION("""COMPUTED_VALUE"""),68.0) -> 68
D10: =IFERROR(__xludf.DUMMYFUNCTION("""COMPUTED_VALUE"""),"2026-08") -> 2026-08 | E10: =IFERROR(__xludf.DUMMYFUNCTION("""COMPUTED_VALUE"""),8.0) -> 8

Sheet Devi Bhaagavatham Tracker
B2: Devi Bhaagavatham - Samavedham Shanmukha Sharma
B7: S.No. | C7: Status | D7: Date Completed | E7: Notes | F7: Video Link | G7: Duration | I7: Percentage | K7: Progress | L7: =IFERROR(__xludf.DUMMYFUNCTION("SPARKLINE(I8, {""charttype"",""bar"";""max"",1;""color1"",""#4CAF50""})"),"") | N7: Month_Date | O7: Videos Completed
B8: 1 | C8: Completed | D8: 46196 | F8: https://www.youtube.com/watch?v=oBjQqBDzyd0 | I8: =L8/$L$10 -> 1 | K8: Completed | L8: =COUNTIF(C8:C33, "Completed") -> 26 | N8: =DATE(2026, 7, 1) -> 46204 | O8: =COUNTIFS($D$8:$D$33, ">="&N8, $D$8:$D$33, "<="&EOMONTH(N8, 0), $C$8:$C$33, "Completed") -> 20
B9: 2 | C9: Completed | D9: 46198 | F9: https://www.youtube.com/watch?v=uF9eREYVf2k | I9: =L9/$L$10 -> 0 | K9: Pending | L9: =COUNTIF(C8:C33, "Pending") -> 0 | N9: =DATE(2026, 8, 1) -> 46235 | O9: =COUNTIFS($D$8:$D$33, ">="&N9, $D$8:$D$33, "<="&EOMONTH(N9, 0), $C$8:$C$33, "Completed") -> 0
B10: 3 | C10: Completed | D10: 46199 | F10: https://www.youtube.com/watch?v=VqILIoLOoNE | K10: Total Videos | L10: =COUNT(B8:B33) -> 26 | N10: =DATE(2026, 9, 1) -> 46266 | O10: =COUNTIFS($D$8:$D$33, ">="&N10, $D$8:$D$33, "<="&EOMONTH(N10, 0), $C$8:$C$33, "Completed") -> 0
B11: 4 | C11: Completed | D11: 46200 | F11: https://www.youtube.com/watch?v=Gm8OrDVy3D4 | K11: Total Hours | L11: =SUM(G8:G33) -> 0 | N11: =DATE(2026, 10, 1) -> 46296 | O11: =COUNTIFS($D$8:$D$33, ">="&N11, $D$8:$D$33, "<="&EOMONTH(N11, 0), $C$8:$C$33, "Completed") -> 0
B12: 5 | C12: Completed | D12: 46201 | F12: https://www.youtube.com/watch?v=IvNQ3-8VMUA | K12: Pending Hours | L12: =SUMIF(C8:C33, "Pending", G8:G33) -> 0 | N12: =DATE(2026, 11, 1) -> 46327 | O12: =COUNTIFS($D$8:$D$33, ">="&N12, $D$8:$D$33, "<="&EOMONTH(N12, 0), $C$8:$C$33, "Completed") -> 0
B13: 6 | C13: Completed | D13: 46203 | F13: https://www.youtube.com/watch?v=EZDIO6mF6Co | K13: Start Date | N13: =DATE(2026, 12, 1) -> 46357 | O13: =COUNTIFS($D$8:$D$33, ">="&N13, $D$8:$D$33, "<="&EOMONTH(N13, 0), $C$8:$C$33, "Completed") -> 0
B14: 7 | C14: Completed | D14: 46204 | F14: https://www.youtube.com/watch?v=c3Y5isrhSVo | K14: Target Date
B15: 8 | C15: Completed | D15: 46206 | F15: https://www.youtube.com/watch?v=aTqhC0vUBSI
B16: 9 | C16: Completed | D16: 46213 | F16: https://www.youtube.com/watch?v=RGm8vi38dvI | K16: Metric | L16: Completed | M16: Pending
B17: 10 | C17: Completed | D17: 46214 | F17: https://www.youtube.com/watch?v=l-QdRhGg9js | K17: Videos | L17: =L8 -> 26 | M17: =L9 -> 0
B18: 11 | C18: Completed | D18: 46214 | F18: https://www.youtube.com/watch?v=aJ5dJFVncP4
B19: 12 | C19: Completed | D19: 46215 | F19: https://www.youtube.com/watch?v=Fs0rTpS-R6k
B20: 13 | C20: Completed | D20: 46216 | F20: https://www.youtube.com/watch?v=8JoAk2ji29w
B21: 14 | C21: Completed | D21: 46216 | F21: https://www.youtube.com/watch?v=uGSAh-xDXy8
B22: 15 | C22: Completed | D22: 46217 | F22: https://www.youtube.com/watch?v=JNVHliZYDIY
B23: 16 | C23: Completed | D23: 46217 | F23: https://www.youtube.com/watch?v=QQD4auRVxyQ
B24: 17 | C24: Completed | D24: 46218 | F24: https://www.youtube.com/watch?v=0KWry7MT0Lo
B25: 18 | C25: Completed | D25: 46219 | F25: https://www.youtube.com/watch?v=-IUBcyHWEK4
B26: 19 | C26: Completed | D26: 46219 | F26: https://www.youtube.com/watch?v=FNGzwpUXe1E
B27: 20 | C27: Completed | D27: 46219 | F27: https://www.youtube.com/watch?v=f78P_l3VIT0
B28: 21 | C28: Completed | D28: 46219 | F28: https://www.youtube.com/watch?v=4dabjAqyAWU
B29: 22 | C29: Completed | D29: 46221 | F29: https://www.youtube.com/watch?v=mCpqq71l4Ds
... B33: 26 | C33: Completed | D33: 46223 | F33: https://www.youtube.com/watch?v=HyB4dp_KkQI

Sheet Garuda Mahapuranam
A2: Garuda Mahapuranam | B2: ADITHYA HRIDAYAM
B7: S.No. | C7: Status | D7: Date Completed | E7: Notes | F7: Video Link | G7: Duration | I7: Percentage | K7: Progress | L7: =IFERROR(__xludf.DUMMYFUNCTION("SPARKLINE(I8, {""charttype"",""bar"";""max"",1;""color1"",""#4CAF50""})"),"") | N7: Month_Date | O7: Videos Completed
B8: 1 | C8: Pending | F8: https://www.youtube.com/watch?v=N_CYTuxNjgU | I8: =L8/$L$10 -> 0 | K8: Completed | L8: =COUNTIF(C8:C22, "Completed") -> 0 | N8: =DATE(2026, 7, 1) -> 46204 | O8: =COUNTIFS($D$8:$D$22, ">="&N8, $D$8:$D$22, "<="&EOMONTH(N8, 0), $C$8:$C$22, "Completed") -> 0
B9: 2 | C9: Pending | F9: https://www.youtube.com/watch?v=38TCl9Beyew | I9: =L9/$L$10 -> 1 | K9: Pending | L9: =COUNTIF(C8:C22, "Pending") -> 15 | N9: =DATE(2026, 8, 1) -> 46235 | O9: =COUNTIFS($D$8:$D$22, ">="&N9, $D$8:$D$22, "<="&EOMONTH(N9, 0), $C$8:$C$22, "Completed") -> 0
B10: 3 | C10: Pending | F10: https://www.youtube.com/watch?v=k8KXpXGj9eM | K10: Total Videos | L10: =COUNTA(B8:B22) -> 15 | N10: =DATE(2026, 9, 1) -> 46266 | O10: =COUNTIFS($D$8:$D$22, ">="&N10, $D$8:$D$22, "<="&EOMONTH(N10, 0), $C$8:$C$22, "Completed") -> 0
B11: 4 | C11: Pending | F11: https://www.youtube.com/watch?v=pb8M9OdZvCE | K11: Total Hours | L11: =SUM(G8:G22) -> 0 | N11: =DATE(2026, 10, 1) -> 46296 | O11: =COUNTIFS($D$8:$D$22, ">="&N11, $D$8:$D$22, "<="&EOMONTH(N11, 0), $C$8:$C$22, "Completed") -> 0
B12: 5 | C12: Pending | F12: https://www.youtube.com/watch?v=xalSLPS5xmA | K12: Pending Hours | L12: =SUMIF(C8:C22, "Pending", G8:G22) -> 0 | N12: =DATE(2026, 11, 1) -> 46327 | O12: =COUNTIFS($D$8:$D$22, ">="&N12, $D$8:$D$22, "<="&EOMONTH(N12, 0), $C$8:$C$22, "Completed") -> 0
B13: 6 | C13: Pending | F13: https://www.youtube.com/watch?v=7SdKpOq9cTE | K13: Start Date | N13: =DATE(2026, 12, 1) -> 46357 | O13: =COUNTIFS($D$8:$D$22, ">="&N13, $D$8:$D$22, "<="&EOMONTH(N13, 0), $C$8:$C$22, "Completed") -> 0
B14: 7 | C14: Pending | F14: https://www.youtube.com/watch?v=GU6SXbph82Y | K14: Target Date
B15: 8 | C15: Pending | F15: https://www.youtube.com/watch?v=JiEi6zd2xl8
B16: 9 | C16: Pending | F16: https://www.youtube.com/watch?v=UyqcoOCKCGU | K16: Metric | L16: Completed | M16: Pending
B17: 10 | C17: Pending | F17: https://www.youtube.com/watch?v=BjWeOaHar1I | K17: Videos | L17: =L8 -> 0 | M17: =L9 -> 15
B18: 11 | C18: Pending | F18: https://www.youtube.com/watch?v=GvuhiiXmVRI
B19: 12 | C19: Pending | F19: https://www.youtube.com/watch?v=DkbVF1QaaDA
B20: 13 | C20: Pending | F20: https://www.youtube.com/watch?v=oQtULD1yxBc
B21: 14 | C21: Pending | F21: https://www.youtube.com/watch?v=Gc1E5grjt6c
B22: 15 | C22: Pending | F22: https://www.youtube.com/watch?v=xbRzIhF14LY

Sheet Daily Hours
A1: =IFERROR(__xludf.DUMMYFUNCTION("QUERY({ 'Sri Rudram Tracker'!B5:F36, ARRAYFORMULA(TO_PURE_NUMBER('Sri Rudram Tracker'!G5:G36)) }, ""SELECT Col3, SUM(Col6)*24 WHERE Col3 IS NOT NULL GROUP BY Col3 LABEL Col3 'Date', SUM(Col6)*24 'Hours per Day'"", 1)"),"Date") -> Date | B1: =IFERROR(__xludf.DUMMYFUNCTION("""COMPUTED_VALUE"""),"Hours per Day") -> Hours per Day
A2: =IFERROR(__xludf.DUMMYFUNCTION("""COMPUTED_VALUE"""),46216.0) -> 46216 | B2: =IFERROR(__xludf.DUMMYFUNCTION("""COMPUTED_VALUE"""),0.5072222222222208) -> 0.50722222
A3: =IFERROR(__xludf.DUMMYFUNCTION("""COMPUTED_VALUE"""),46217.0) -> 46217 | B3: =IFERROR(__xludf.DUMMYFUNCTION("""COMPUTED_VALUE"""),0.9988888888888872) -> 0.99888889
A4: =IFERROR(__xludf.DUMMYFUNCTION("""COMPUTED_VALUE"""),46218.0) -> 46218 | B4: =IFERROR(__xludf.DUMMYFUNCTION("""COMPUTED_VALUE"""),1.8833333333333302) -> 1.8833333
A5: =IFERROR(__xludf.DUMMYFUNCTION("""COMPUTED_VALUE"""),46220.0) -> 46220 | B5: =IFERROR(__xludf.DUMMYFUNCTION("""COMPUTED_VALUE"""),1.8758333333333277) -> 1.8758333
A6: =IFERROR(__xludf.DUMMYFUNCTION("""COMPUTED_VALUE"""),46221.0) -> 46221 | B6: =IFERROR(__xludf.DUMMYFUNCTION("""COMPUTED_VALUE"""),1.7822222222222184) -> 1.7822222
A7: =IFERROR(__xludf.DUMMYFUNCTION("""COMPUTED_VALUE"""),46228.0) -> 46228 | B7: =IFERROR(__xludf.DUMMYFUNCTION("""COMPUTED_VALUE"""),1.7699999999999976) -> 1.77
A8: =IFERROR(__xludf.DUMMYFUNCTION("""COMPUTED_VALUE"""),46229.0) -> 46229 | B8: =IFERROR(__xludf.DUMMYFUNCTION("""COMPUTED_VALUE"""),0.9894444444444432) -> 0.98944444
A9: =IFERROR(__xludf.DUMMYFUNCTION("""COMPUTED_VALUE"""),46231.0) -> 46231 | B9: =IFERROR(__xludf.DUMMYFUNCTION("""COMPUTED_VALUE"""),0.8566666666666657) -> 0.85666667
A10: =IFERROR(__xludf.DUMMYFUNCTION("""COMPUTED_VALUE"""),46244.0) -> 46244 | B10: =IFERROR(__xludf.DUMMYFUNCTION("""COMPUTED_VALUE"""),1.4972222222222182) -> 1.4972222
A11: =IFERROR(__xludf.DUMMYFUNCTION("""COMPUTED_VALUE"""),46246.0) -> 46246 | B11: =IFERROR(__xludf.DUMMYFUNCTION("""COMPUTED_VALUE"""),0.7324999999999978) -> 0.7325

Sheet Overall Duration Analysis
A1: Month | B1: Total Hours
A2: {=SORT(UNIQUE(IF(ISBLANK('Daily Hours'!A2:A1000),, EOMONTH('Daily Hours'!A2:A1000, -1)+1)))} -> 46204 | B2: {=IF(ISBLANK(A2:A1000),, SUMIFS('Daily Hours'!B2:B1000, 'Daily Hours'!A2:A1000, ">="&A2:A1000, 'Daily Hours'!A2:A1000, "<="&EOMONTH(A2:A1000, 0)))} -> 10.663611
A3: 46235 | B3: 10.663611
